<?xml version="1.0" encoding="UTF-8" standalone="no"?>
<!DOCTYPE properties SYSTEM "http://java.sun.com/dtd/properties.dtd">
<properties>
<comment>WMOVAC Parameters</comment>
<entry key="RelPartition_stage11_stem">0</entry>
<entry key="SRootDeathThermalTime">3000</entry>
<entry key="Frac_DeadStorageGoesSurface">0</entry>
<entry key="Leaf_C4Vpr">80</entry>
<entry key="AmplitudeDailyTemperatureChange">6</entry>
<entry key="RelPartition_stage3_leaf">0.55</entry>
<entry key="RelPartition_stage8_stor">0.0</entry>
<entry key="Leaf_C4Jmax">400</entry>
<entry key="LeafMaintenanceRespirationCoef">0.03</entry>
<entry key="RelPartition_stage1_stem">0.09</entry>
<entry key="LeafDeathThermalTime">1200</entry>
<entry key="RelPartition_stage7_leaf">0.29</entry>
<entry key="ExtinctionCalcSwitch">0</entry>
<entry key="StemDeathThermalTime">2500</entry>
<entry key="RelPartition_stage5_stem">0.35</entry>
<entry key="Leaf_Stomatal_Coef_g0_650">20</entry>
<entry key="StemMaintenanceRespirationCoef">0.015</entry>
<entry key="Leaf_RespirationTemperatureResponse">0</entry>
<entry key="CanopyExtinctionCoef">0.8</entry>
<entry key="Frac_DeadPodReabsorbed">0.5</entry>
<entry key="RelPartition_stage9_stem">0.12</entry>
<entry key="TemperaturePeakHour">14</entry>
<entry key="Leaf_cRd">18.72</entry>
<entry key="Leaf_C4Kp">80</entry>
<entry key="Leaf_cVcmax">26.35</entry>
<entry key="RelPartition_stage6_pod">0.01</entry>
<entry key="Leaf_Stomatal_conductance_flag">1</entry>
<entry key="Leaf_DarkRespirationCoef">1.1</entry>
<entry key="SinkMomentum">0.77</entry>
<entry key="Leaf_Vomaxo">22.5</entry>
<entry key="RelPartition_stage11_stor">0.0</entry>
<entry key="DegDayEndStage11">4000</entry>
<entry key="DegDayEndStage10">2286</entry>
<entry key="RelPartition_stage10_leaf">0.10</entry>
<entry key="Leaf_AtmosphericPressure">101</entry>
<entry key="RelPartition_stage10_pod">0.18</entry>
<entry key="Leaf_C4Ci2CsRatio">0.4</entry>
<entry key="RelPartition_stage3_seed">0</entry>
<entry key="RelPartition_stage1_stor">0.0</entry>
<entry key="Leaf_JMaxo">170</entry>
<entry key="Frac_DeadStemGoesSurface">0.1</entry>
<entry key="Frac_DeadFrootGoesSurface">0</entry>
<entry key="ZetaRoughnessCoef">0.026</entry>
<entry key="RelPartition_stage7_froot">0.01</entry>
<entry key="Leaf_cJmax">17.57</entry>
<entry key="RelPartition_stage8_froot">0.05</entry>
<entry key="RelPartition_stage7_seed">0.2</entry>
<entry key="RelPartition_stage5_stor">0.0</entry>
<entry key="WindSpeedHeightCoeff">0.77</entry>
<entry key="RelPartition_stage9_froot">0.05</entry>
<entry key="RelPartition_stage2_pod">0.0</entry>
<entry key="RelPartition_stage4_leaf">0.55</entry>
<entry key="RelPartition_stage9_stor">0.0</entry>
<entry key="Leaf_cGstar">19.02</entry>
<entry key="RelPartition_stage9_pod">0.31</entry>
<entry key="Frac_DeadSrootReabsorbed">0</entry>
<entry key="RelPartition_stage5_froot">0.05</entry>
<entry key="RelPartition_stage2_stem">0.25</entry>
<entry key="StructuralRootMaintenanceRespirationCoef">0.01</entry>
<entry key="RelPartition_stage6_froot">0.05</entry>
<entry key="RelPartition_stage8_leaf">0.27</entry>
<entry key="Leaf_Reflectance">0.2</entry>
<entry key="RelPartition_stage6_stem">0.2</entry>
<entry key="Atmospheric_Pressure">101</entry>
<entry key="RelPartition_stage2_froot">0.05</entry>
<entry key="RelPartition_stage3_froot">0.15</entry>
<entry key="GrowthRespirationCoef">0.2</entry>
<entry key="RelPartition_stage4_froot">0.05</entry>
<entry key="Leaf_EVcmax">65.33</entry>
<entry key="Atmospheric_Transmittance">0.85</entry>
<entry key="StorageMaintenanceRespirationCoef">0.01</entry>
<entry key="Q10_Coefficient">1.85</entry>
<entry key="Leaf_ERd">46.39</entry>
<entry key="Frac_DeadLeafGoesSurface">0</entry>
<entry key="RelPartition_stage10_seed">0.65</entry>
<entry key="DegDayEndStage9">2109</entry>
<entry key="DegDayEndStage8">1614</entry>
<entry key="DegDayEndStage7">1453</entry>
<entry key="SpecificLeafArea">50</entry>
<entry key="DegDayEndStage6">1048</entry>
<entry key="DegDayEndStage5">591</entry>
<entry key="RelPartition_stage1_froot">0.01</entry>
<entry key="RelPartition_stage5_pod">0.0</entry>
<entry key="DegDayEndStage4">302</entry>
<entry key="DegDayEndStage3">260</entry>
<entry key="DegDayEndStage2">230</entry>
<entry key="DegDayEndStage1">185</entry>
<entry key="TotalNumGrowingStages">11</entry>
<entry key="RelPartition_stage11_leaf">0.10</entry>
<entry key="Respiration_CalculationMethod">0</entry>
<entry key="RelPartition_stage2_stor">0.0</entry>
<entry key="RelPartition_stage4_seed">0</entry>
<entry key="ZetaMRoughnessCoef">0.13</entry>
<entry key="FRootLeafDeathThermalTime">3000</entry>
<entry key="TranspirationUnitsFlag">0</entry>
<entry key="RelPartition_stage1_leaf">0.40</entry>
<entry key="DeadMaterialInBiomassCalcSwitch">0</entry>
<entry key="RelPartition_stage8_seed">0.2</entry>
<entry key="RelPartition_stage6_stor">0.1</entry>
<entry key="HorizVerticalProjAreaRatio">1</entry>
<entry key="AnnMeanAirTemperature">10</entry>
<entry key="PlantingDay">100</entry>
<entry key="Leaf_EGstar">37.87</entry>
<entry key="GerminationDay">120</entry>
<entry key="RelPartition_stage5_leaf">0.50</entry>
<entry key="Leaf_C4LeafRespirationRate">0.8</entry>
<entry key="RelPartition_stage1_pod">0</entry>
<entry key="Leaf_Vcmaxo">90</entry>
<entry key="RelPartition_stage3_stem">0.3</entry>
<entry key="RelPartition_stage9_leaf">0.15</entry>
<entry key="RelPartition_stage7_sroot">0.1</entry>
<entry key="RelPartition_stage8_pod">0.17</entry>
<entry key="RelPartition_stage11_froot">0.0</entry>
<entry key="RelPartition_stage8_sroot">0.12</entry>
<entry key="PodDeathThermalTime">2000</entry>
<entry key="RelPartition_stage7_stem">0.2</entry>
<entry key="RelPartition_stage9_sroot">0.11</entry>
<entry key="MaxCanopyLAI">9</entry>
<entry key="RelPartition_stage5_sroot">0.1</entry>
<entry key="StartDayTemperatureCycle">120</entry>
<entry key="RelPartition_stage6_sroot">0.35</entry>
<entry key="TimeSolarNoon">13</entry>
<entry key="RelPartition_stage10_froot">0.01</entry>
<entry key="WindSpeedAboveCanopy">2</entry>
<entry key="RelPartition_stage11_seed">0.61</entry>
<entry key="Leaf_cKo">20.3</entry>
<entry key="RelPartition_stage2_sroot">0.2</entry>
<entry key="RelPartition_stage3_sroot">0.0</entry>
<entry key="Frac_DeadStemReabsorbed">0</entry>
<entry key="Leaf_cKc">38.05</entry>
<entry key="RelPartition_stage1_seed">-1</entry>
<entry key="RelPartition_stage4_pod">0.0</entry>
<entry key="RelPartition_stage4_sroot">0.1</entry>
<entry key="Leaf_Stomatal_Coef_g1">9.8465</entry>
<entry key="Leaf_EJmax">43.54</entry>
<entry key="Leaf_C4Vpmax">120</entry>
<entry key="Leaf_Stomatal_Coef_g0">19.148</entry>
<entry key="Leaf_Curvature_Factor">0.83</entry>
<entry key="RelPartition_stage3_stor">0.0</entry>
<entry key="RelPartition_stage5_seed">0</entry>
<entry key="RelPartition_stage10_stem">0.05</entry>
<entry key="RelPartition_stage1_sroot">0.4</entry>
<entry key="RelPartition_stage2_leaf">0.50 </entry>
<entry key="RelPartition_stage9_seed">0.26</entry>
<entry key="RelPartition_stage7_stor">0.0</entry>
<entry key="Frac_DeadStorageReabsorbed">0</entry>
<entry key="Frac_DeadSrootGoesSurface">0</entry>
<entry key="RelPartition_stage6_leaf">0.38</entry>
<entry key="CanopyHeight">0.5</entry>
<entry key="Leaf_Stomatal_Coef_g1_650">11.35</entry>
<entry key="RelPartition_stage4_stem">0.3</entry>
<entry key="LeafAreaIndex">3</entry>
<entry key="CanopyCalcultion">1</entry>
<entry key="RelPartition_stage8_stem">0.17</entry>
<entry key="RelPartition_stage7_pod">0.2</entry>
<entry key="WindSpeedHeight">2</entry>
<entry key="Leaf_Spectral_Imbalance">0.15</entry>
<entry key="FracSkyCoveredClouds">0.3</entry>
<entry key="LeafWidth">0.04</entry>
<entry key="Leaf_C4Vcmax">60</entry>
<entry key="MaximumDailyTemperatureChange">10</entry>
<entry key="AmplitudeAnnualTemperatureChange">15</entry>
<entry key="Frac_DeadPodGoesSurface">0.2</entry>
<entry key="Frac_DeadFrootReabsorbed">0</entry>
<entry key="RelPartition_stage11_sroot">0.14</entry>
<entry key="RelPartition_stage10_stor">0.0</entry>
<entry key="RelPartition_stage11_pod">0.15</entry>
<entry key="Frac_DeadLeafReabsorbed">0.3</entry>
<entry key="Leaf_EKo">36.38</entry>
<entry key="Leaf_Kco">404</entry>
<entry key="RelPartition_stage2_seed">0</entry>
<entry key="Leaf_EKc">79.43</entry>
<entry key="Leaf_Koo">278</entry>
<entry key="WindSpeedRoughnessLength">0.13</entry>
<entry key="RelPartition_stage3_pod">0.0</entry>
<entry key="Leaf_EVomax">60.11</entry>
<entry key="Leaf_Rate_tri_phos_util">23</entry>
<entry key="RelPartition_stage10_sroot">0.01</entry>
<entry key="RelPartition_stage4_stor">0.0</entry>
<entry key="RelPartition_stage6_seed">0</entry>
</properties>
