Time (day), Net assimilation rate (mol.m-1.day-1), Elapsed assimilation rate (mol.m-2), Canopy conductance (mol.m-2.day-1), Evapo/Transpiration (mol.m-2.day-1), Cumulative evapo/transpiration (mol.m-2), leaf area index (m2.m-2),Air temperature (oC), Daily mean temperature (oC), Daily highest temperature (oC), Daily lowest temperature (oC), Elapsed thermal time (days), Elapased thermal time (hours), Relative Humidity, Leaf biomass (g.m-2), Stem biomass (g.m-2), Standing dead (g.m-2), Surface litter dead (g.m-2), Seed (g.m-2), Pod (g.m-2), Structual root (g.m-2), Fine root (g.m-2), Storage (g.m-2), Root dead material (g.m-2)
1.0,-3.227588168093236E-6,-3.227588168093236E-6,0.0,0.0,0.0,0.34588612912465,4.449999999999999,-3.3208598394423987,-0.8730891299603716,-5.768630548924426,0.0,0.0,94.35,7.578365089121082,81.90130083904438,0.0,0.0,0.0,0.0,32.42616409402421,0.0,0.0,0.0
2.0,1.4121536656098305E-4,1.379877783928898E-4,0.0,-1.6633855056248534,-1.6633855056248534,0.6533109942398084,6.35,-3.437589361023635,-1.020946523963271,-5.854232198083999,0.0,0.0,89.6,14.314043883794202,72.12005473395078,0.0,0.0,0.0,0.0,30.059447150492545,0.0,0.0,0.0
3.0,-0.023383609097024652,-0.02324562131863176,0.0,-1.8108271831414549,-3.4742126887663085,0.9067718774599943,7.0,-3.5503370348702674,-1.1637602441690054,-5.93691382557153,0.0,0.0,97.44999999999999,19.867371835148475,63.55027720008363,0.0,0.0,0.0,0.0,27.908659496117956,0.0,0.0,0.0
4.0,-0.024546682738927704,-0.047792304057559465,0.0,-1.8471430763054688,-5.321355765071777,1.129189550799536,4.15,-3.6590694514132434,-1.3014879717901082,-6.016650931036379,0.0,0.0,99.4,24.740543058017835,56.001140768308254,0.0,0.0,0.0,0.0,25.92944577738751,0.0,0.0,0.0
5.0,-0.04123058950011575,-0.08902289355767522,0.0,-1.8517776556242889,-7.173133420696066,1.310940355865735,3.6,-3.7637543908909077,-1.434088895128483,-6.093419886653333,0.0,0.0,99.65,28.722703197018255,49.384544906495364,0.0,0.0,0.0,0.0,24.12469518858118,0.0,0.0,0.0
6.0,-0.048460692222458815,-0.13748358578013403,0.0,-1.8575045850911753,-9.030638005787242,1.4631515973151688,4.5,-3.8643608328963985,-1.5615237216687716,-6.167197944124025,0.0,0.0,99.95,32.05765149717535,43.56996372853126,0.0,0.0,0.0,0.0,22.468696438221066,0.0,0.0,0.0
7.0,-0.054985116822884594,-0.19246870260301863,0.0,-1.8529472379484255,-10.883585243735668,1.5891423532557607,5.800000000000001,-3.96085896556969,-1.6837546897216074,-6.237963241417773,0.0,0.0,99.7,34.818108959833715,38.46083969553241,0.0,0.0,0.0,0.0,20.947977548549396,0.0,0.0,0.0
8.0,-0.0761639915721865,-0.26863269417520513,0.0,-1.73141450288319,-12.614999746618858,1.6789844174485213,1.35,-4.053220194431473,-1.8007455796131993,-6.305694809249747,0.0,0.0,93.25,36.7865485862971,34.00450738798231,0.0,0.0,0.0,0.0,19.56802256415923,0.0,0.0,0.0
9.0,-0.725094289871585,-0.9937269840467902,0.0,-1.3493128512880688,-13.964312597906927,1.206630999540374,-0.6,-4.141417150856311,-1.912461724417994,-6.370372577294628,0.0,0.0,72.9,26.43728519992959,31.45033557982497,0.0,0.0,0.0,0.0,19.041027030957338,0.0,0.0,0.0
10.0,-0.775109871355704,-1.768836855402494,0.0,-1.697259186982386,-15.661571784889313,0.6834172824473733,-2.25,-4.225423700182574,-2.018870020231261,-6.431977380133888,0.0,0.0,91.45,14.97367265842195,29.304859215940862,0.0,0.0,0.0,0.0,18.61532570904352,0.0,0.0,0.0
11.0,-0.49924800112876216,-2.268084856531256,0.0,-1.6268102773563062,-17.28838206224562,0.3850242649831603,-3.05,-4.305214949456683,-2.1199389359784657,-6.490490962934901,0.0,0.0,87.69999999999999,8.435881645781041,26.83074406908184,0.0,0.0,0.0,0.0,17.90718036662517,0.0,0.0,0.0
12.0,-0.3015935623172181,-2.5696784188484743,0.0,-1.702877944907818,-18.99126000715344,0.24414525976849819,-2.3499999999999996,-4.380767254809447,-2.2156385227586326,-6.545895986860261,0.0,0.0,91.75,5.3492226415277955,24.233182347013617,0.0,0.0,0.0,0.0,17.02574234037172,0.0,0.0,0.0
13.0,-0.219184112322825,-2.7888625311712993,0.0,-1.7327094214964804,-20.72396942864992,0.16312069705381807,-4.1,-4.452058228462231,-2.3059404227188267,-6.598176034205636,0.0,0.0,93.35,3.5739744724491542,21.77102691820227,0.0,0.0,0.0,0.0,16.115194870509498,0.0,0.0,0.0
14.0,-0.24227012789616936,-3.0311326590674685,0.0,-1.705310389351871,-22.429279818001792,0.053537373880534124,-13.75,-4.5190667453609645,-2.3908178774572217,-6.647315613264707,0.0,0.0,91.95,1.1730038617225027,19.651434421045376,0.0,0.0,0.0,0.0,15.298403431285484,0.0,0.0,0.0
15.0,-0.0877348208827281,-3.1188674799501968,0.0,-1.788488747015312,-24.217768565017103,0.06609131137782433,-8.4,-4.581772949435919,-2.4702457359521643,-6.693300162919674,0.0,0.0,96.35,1.448060632288131,17.45824719757665,0.0,0.0,0.0,0.0,14.363301350597226,0.0,0.0,0.0
16.0,-0.1090078518903756,-3.2278753318405724,0.0,-1.767722386280574,-25.985490951297677,0.0524008891711493,-9.5,-4.640158259485524,-2.5442004620149974,-6.736116056956051,0.0,0.0,95.25,1.1481034817398812,15.572223744544058,0.0,0.0,0.0,0.0,13.520258036125485,0.0,0.0,0.0
17.0,-0.05496575186141208,-3.2828410837019844,0.0,-1.5319613343894858,-27.517452285687163,0.07695200270357277,-4.0,-4.694205374682351,-2.6126601412643113,-6.775750608100391,0.0,0.0,82.65,1.6860183792352794,13.797618574644627,0.0,0.0,0.0,0.0,12.675409522321818,0.0,0.0,0.0
18.0,-0.10300780509303716,-3.3858488887950213,0.0,-1.7042085147742603,-29.221660800461425,0.05417424987944208,-7.3,-4.743898279699733,-2.6756044876196623,-6.812192071779805,0.0,0.0,91.85,1.186957814858576,12.337087262495332,0.0,0.0,0.0,0.0,11.946088622470663,0.0,0.0,0.0
19.0,-0.06692429819735246,-3.4527731869923737,0.0,-1.582675613078705,-30.80433641354013,0.056028961723816106,-3.45,-4.789222249457456,-2.7330148493127777,-6.845429649602135,0.0,0.0,85.35,1.227594551368811,10.975349521858702,0.0,0.0,0.0,0.0,11.226782500524891,0.0,0.0,0.0
20.0,-0.050876366704697674,-3.5036495536970715,0.0,-1.5292295373720661,-32.333565950912195,0.06597646715812819,-3.15,-4.8301638534851055,-2.784874214414467,-6.875453492555744,0.0,0.0,82.5,1.4455443954345886,9.743077737752488,0.0,0.0,0.0,0.0,10.539548275928803,0.0,0.0,0.0
21.0,-0.056687202015603406,-3.560336755712675,0.0,-1.4691536145955923,-33.802719565507786,0.0660745211696751,-3.5,-4.86671095990182,-2.8311672158756385,-6.902254703928001,0.0,0.0,79.30000000000001,1.4476927588275816,8.671092922206936,0.0,0.0,0.0,0.0,9.90704105334065,0.0,0.0,0.0
22.0,-0.07969064510816967,-3.640027400820845,0.0,-1.6889719058537491,-35.491691471361534,0.042441026134757205,-9.3,-4.898852739011215,-2.871880136080872,-6.925825341941557,0.0,0.0,91.05000000000001,0.9298828826125304,7.776628643597842,0.0,0.0,0.0,0.0,9.344994558958575,0.0,0.0,0.0
23.0,-0.07178764584308527,-3.71181504666393,0.0,-1.7659137973970531,-37.25760526875859,0.02175236345847154,-8.95,-4.926579666510463,-2.9070009109132533,-6.946158422107673,0.0,0.0,95.15,0.4765942833751114,6.973159436826624,0.0,0.0,0.0,0.0,8.812636673070811,0.0,0.0,0.0
24.0,-0.027943418897546802,-3.739758465561477,0.0,-1.4737406974431715,-38.73134596620176,0.03458642680440993,-4.6,-4.9498835263125525,-2.936519133329233,-6.963247919295872,0.0,0.0,79.55000000000001,0.7577886112846216,6.173878920574218,0.0,0.0,0.0,0.0,8.266296848213031,0.0,0.0,0.0
25.0,-0.03564443954814054,-3.7754029051096176,0.0,-1.7562574247677776,-40.48760339096953,0.03755356609922665,-3.25,-4.968757412980883,-2.960426056442452,-6.977088769519314,0.0,0.0,94.6,0.822798633234056,5.487300216235226,0.0,0.0,0.0,0.0,7.766254297460707,0.0,0.0,0.0
26.0,-0.012748535202331398,-3.788151440311949,0.0,-1.7624712268371359,-42.25007461780667,0.0568289956884967,2.2,-4.983195733775505,-2.978714596115639,-6.9876768714353705,0.0,0.0,94.9,1.2451232955349627,4.835286608441156,0.0,0.0,0.0,0.0,7.273873266517686,0.0,0.0,0.0
27.0,-0.0038682915227052856,-3.7920197318346545,0.0,-1.6799092941326148,-43.92998391193928,0.08073708191256274,2.45,-4.99319421031036,-2.9913793330597893,-6.9950090875609305,0.0,0.0,90.5,1.7689494647042496,4.243359498026927,0.0,0.0,0.0,0.0,6.804688734079878,0.0,0.0,0.0
28.0,-0.003384982177423912,-3.7954047140120784,0.0,-1.8245594336206878,-45.754543345559966,0.1024356550131987,3.5999999999999996,-4.998749879821068,-2.998416514440019,-6.999083245202116,0.0,0.0,98.2,2.2443652013391837,3.7220936012388703,0.0,0.0,0.0,0.0,6.366682127123216,0.0,0.0,0.0
29.0,0.001335004417397495,-3.7940697095946807,0.0,-1.6388322397057458,-47.393375585265716,0.12576070511578896,4.75,-4.999861096042851,-2.9998240549876116,-6.999898137098091,0.0,0.0,88.3,2.7554170490869363,3.2540820271986584,0.0,0.0,0.0,0.0,5.952727775184584,0.0,0.0,0.0
30.0,-0.005366225903957924,-3.7994359354986385,0.0,-1.836470172879469,-49.22984575814518,0.1413052685287843,0.9,-4.996527529698364,-2.9956015376179272,-6.9974535217788,0.0,0.0,98.85,3.095998433465664,2.8570925569114363,0.0,0.0,0.0,0.0,5.574269319239671,0.0,0.0,0.0
31.0,-0.060141068094590786,-3.859577003593229,0.0,-1.8578572173947263,-51.087702975539905,0.10889083740702521,-0.8500000000000001,-4.988750168595253,-2.985750213553987,-6.991750123636519,0.0,0.0,100.0,2.3857982475879225,2.624221795536235,0.0,0.0,0.0,0.0,5.284218298204412,0.0,0.0,0.0
32.0,-0.07831750048488358,-3.9378945040781126,0.0,-1.8088349786624847,-52.89653795420239,0.05997284610648897,-2.9000000000000004,-4.976531317333464,-2.970273001955721,-6.9827896327112065,0.0,0.0,97.4,1.3140050581931733,2.4584158026298097,0.0,0.0,0.0,0.0,5.034178875549908,0.0,0.0,0.0
33.0,-0.027619871929202355,-3.965514376007315,0.0,-1.8149675379054913,-54.711505492107875,0.05278807342622501,1.65,-4.959874596622333,-2.949174489054955,-6.970574704189711,0.0,0.0,97.69999999999999,1.15658668876859,2.20603474862665,0.0,0.0,0.0,0.0,4.741970698082069,0.0,0.0,0.0
34.0,-0.006538460279047259,-3.972052836286362,0.0,-1.6037919551768598,-56.315297447284735,0.06207421146768023,1.4,-4.938784942207686,-2.9224609267964023,-6.95510895761897,0.0,0.0,86.44999999999999,1.360045973256874,1.9400486255380347,0.0,0.0,0.0,0.0,4.444731201248227,0.0,0.0,0.0
35.0,-0.02045416069318307,-3.9925069969795453,0.0,-1.8514348716901838,-58.166732318974915,0.058328217002660186,0.45,-4.9132686034092785,-2.8901402309850863,-6.936396975833471,0.0,0.0,99.65,1.2779712345282848,1.7360514084077439,0.0,0.0,0.0,0.0,4.18317903736182,0.0,0.0,0.0
36.0,-0.025586817613850118,-4.018093814593396,0.0,-1.7825935857185575,-59.949325904693474,0.04919300438511171,-2.6500000000000004,-4.883333141268984,-2.8522219789407135,-6.914444303597255,0.0,0.0,96.0,1.0778187260777976,1.5680290023379384,0.0,0.0,0.0,0.0,3.9447027944955906,0.0,0.0,0.0
37.0,-0.027534823964910797,-4.0456286385583065,0.0,-1.6090955456718319,-61.55842145036531,0.037498536542831994,-1.95,-4.848987426310295,-2.808717406659707,-6.889257445960883,0.0,0.0,86.75,0.821592935653449,1.424916675920031,0.0,0.0,0.0,0.0,3.7240410980109093,0.0,0.0,0.0
38.0,-0.02144415780526402,-4.06707279636357,0.0,-1.4993622760844267,-63.057783726449735,0.030116786989466574,-1.5,-4.8102416359097955,-2.759639405485741,-6.86084386633385,0.0,0.0,80.9,0.6598588029392126,1.286715236772739,0.0,0.0,0.0,0.0,3.5107110295142068,0.0,0.0,0.0
39.0,-0.022789597130010327,-4.089862393493581,0.0,-1.7645659014636934,-64.82234962791343,0.020817230916375024,-4.45,-4.767107251281383,-2.7050025182897515,-6.829211984273014,0.0,0.0,95.05000000000001,0.45610552937777676,1.1685325610923636,0.0,0.0,0.0,0.0,3.3128080043058774,0.0,0.0,0.0
40.0,-0.02091061413484317,-4.110773007628424,0.0,-1.721296150662721,-66.54364577857615,0.012401191279822452,-5.5,-4.719597054074139,-2.6448229351605765,-6.794371172987702,0.0,0.0,92.75,0.2717101009409099,1.0611310125031495,0.0,0.0,0.0,0.0,3.125568814846223,0.0,0.0,0.0
41.0,-0.009561781649901792,-4.120334789278326,0.0,-1.511513045669861,-68.055158824246,0.012889445900517944,-2.0,-4.6677251225848515,-2.5791184886074787,-6.756331756562224,0.0,0.0,81.55,0.28240775968034815,0.9431803409698595,0.0,0.0,0.0,0.0,2.937365816778389,0.0,0.0,0.0
42.0,-0.009943818673286059,-4.130278607951612,0.0,-1.6953721468035412,-69.75053097104954,0.012375448068822993,-2.3499999999999996,-4.611506827586307,-2.5079086482759894,-6.715105006896625,0.0,0.0,91.35,0.2711460671879118,0.8407214181530944,0.0,0.0,0.0,0.0,2.7618280030570963,0.0,0.0,0.0
43.0,-0.007572143362507705,-4.13785075131412,0.0,-1.4449066069351302,-71.19543757798468,0.01324576644690697,-1.9,-4.550958827772606,-2.4312145151786337,-6.6707031403665775,0.0,0.0,78.0,0.2902147428517317,0.7460562420809617,0.0,0.0,0.0,0.0,2.5949260573780566,0.0,0.0,0.0
44.0,-0.007476450288382324,-4.145327201602502,0.0,-1.5182300147859347,-72.7136675927706,0.013623582983072532,-0.4,-4.486099064822824,-2.3490588154422434,-6.623139314203405,0.0,0.0,81.9,0.2984927031591192,0.6630411625062972,0.0,0.0,0.0,0.0,2.438712915964959,0.0,0.0,0.0
45.0,-0.005285873743748103,-4.15061307534625,0.0,-1.754760046629835,-74.46842763940045,0.0153258333895139,0.25,-4.416946758084512,-2.261465893573715,-6.572427622595309,0.0,0.0,94.5,0.33578900956424956,0.5858314024796238,0.0,0.0,0.0,0.0,2.290058196197436,0.0,0.0,0.0
46.0,-0.005726375127615515,-4.156339450473865,0.0,-1.795039566307474,-76.26346720570793,0.016168911675527205,-0.4,-4.343522398878584,-2.168461705246206,-6.518583092510961,0.0,0.0,96.65,0.35426085481080105,0.5192725421069643,0.0,0.0,0.0,0.0,2.151499755643825,0.0,0.0,0.0
47.0,-0.005176669320084444,-4.16151611979395,0.0,-1.662844277830022,-77.92631148353794,0.01703600823688783,0.7,-4.265847744427303,-2.070073809607917,-6.461621679246688,0.0,0.0,89.6,0.3732589404702124,0.45997483404987005,0.0,0.0,0.0,0.0,2.0212219184368347,0.0,0.0,0.0
48.0,-0.00234666210351117,-4.1638627818974605,0.0,-1.840424440436179,-79.76673592397412,0.019882504751134407,2.75,-4.183945811407137,-1.9663313611157065,-6.401560261698567,0.0,0.0,99.05000000000001,0.43562567909735483,0.40222857571622084,0.0,0.0,0.0,0.0,1.8960491342825356,0.0,0.0,0.0
49.0,-0.008976922127583643,-4.172839704025044,0.0,-1.559392558603896,-81.32612848257801,0.016760284290054647,-1.7000000000000002,-4.097840869128431,-1.8572651008960128,-6.338416637360849,0.0,0.0,84.1,0.36721782879509735,0.3658249445686926,0.0,0.0,0.0,0.0,1.7865633746880867,0.0,0.0,0.0
50.0,-0.010002299100938073,-4.182842003125982,0.0,-1.4026896601927568,-82.72881814277078,0.012478521840487937,-1.85,-4.007558432343876,-1.742907347635576,-6.272209517052175,0.0,0.0,75.75,0.2734044135250907,0.33633792316077105,0.0,0.0,0.0,0.0,1.6852352390220566,0.0,0.0,0.0
51.0,-0.01011014164381718,-4.192952144769799,0.0,-1.435343425159043,-84.16416156792982,0.007844462255907356,-3.9,-3.9131252536879497,-1.6232919880047363,-6.202958519371164,0.0,0.0,77.5,0.17187216802693017,0.3109792746239142,0.0,0.0,0.0,0.0,1.5904694099593666,0.0,0.0,0.0
52.0,-0.006798409635033558,-4.199750554404832,0.0,-1.6932375598753195,-85.85739912780514,0.0057597085337093455,-4.75,-3.8145693157495195,-1.498454466616058,-6.130684164882981,0.0,0.0,91.25,0.12619521397357175,0.2820074504422673,0.0,0.0,0.0,0.0,1.49789718864925,0.0,0.0,0.0
53.0,-0.004557519950005512,-4.204308074354838,0.0,-1.3932681215402112,-87.25066724934536,0.005315612410675967,-2.3,-3.711919822780006,-1.3684317755213407,-6.055407870038671,0.0,0.0,75.25,0.11646506791791045,0.2521019861998254,0.0,0.0,0.0,0.0,1.4086317329518627,0.0,0.0,0.0
54.0,-0.0030283181122245585,-4.207336392467062,0.0,-1.653330489547689,-88.90399773889304,0.0059159220276388015,-0.6000000000000001,-3.60520719203954,-1.2332624432500836,-5.977151940828996,0.0,0.0,89.1,0.12961785162556613,0.2228630794451493,0.0,0.0,0.0,0.0,1.3232914535532807,0.0,0.0,0.0
55.0,-0.002763906837392528,-4.210100299304455,0.0,-1.7180066342622557,-90.62200437315529,0.006504888423676102,-1.25,-3.4944630447836484,-1.0929865233926215,-5.895939566174675,0.0,0.0,92.55,0.1425221053627434,0.1968689411344525,0.0,0.0,0.0,0.0,1.243087130210049,0.0,0.0,0.0
56.0,-0.002473890437734503,-4.212574189742189,0.0,-1.809841216465365,-92.43184558962065,0.007122717302484885,-2.3,-3.379720196893228,-0.9476455827314219,-5.811794811055034,0.0,0.0,97.45,0.15605873609744383,0.17366166939946012,0.0,0.0,0.0,0.0,1.1676555270100628,0.0,0.0,0.0
57.0,-0.0036762948409622747,-4.216250484583151,0.0,-1.8577658332754903,-94.28961142289614,0.006530061758942257,-1.65,-3.2610126491504534,-0.7972826889239077,-5.7247426093769995,0.0,0.0,100.0,0.14307365313842485,0.15604735069677914,0.0,0.0,0.0,0.0,1.0984080853519642,0.0,0.0,0.0
58.0,-0.0013818612515370998,-4.217632345834688,0.0,-1.6939021341778155,-95.98351355707396,0.0076974304225468325,1.6,-3.138375577163643,-0.6419423977406145,-5.634808756586672,0.0,0.0,91.25,0.1686507005580011,0.13595027497308831,0.0,0.0,0.0,0.0,1.0309043999688217,0.0,0.0,0.0
59.0,-0.0015165962569751179,-4.219148942091663,0.0,-1.6514286376842011,-97.63494219475817,0.0085757765913296,-0.85,-3.0118453209439533,-0.481670739862341,-5.542019902025565,0.0,0.0,89.0,0.18789526511603152,0.11878976271173315,0.0,0.0,0.0,0.0,0.967846873053793,0.0,0.0,0.0
60.0,-0.001267298303502135,-4.220416240395165,0.0,-1.5184522593576144,-99.15339445411578,0.009504836753816248,2.05,-2.8814593741370427,-0.31651520724025417,-5.446403541033831,0.0,0.0,81.9,0.208250973276114,0.10338953770256698,0.0,0.0,0.0,0.0,0.9085033237009971,0.0,0.0,0.0
61.0,-0.001208066602728032,-4.221624306997893,0.0,-1.7228501295284087,-100.8762445836442,0.010336339447758674,0.2,-2.7472563729129167,-0.14652473902302798,-5.347988006802805,0.0,0.0,92.8,0.22646919730039256,0.08992835476061022,0.0,0.0,0.0,0.0,0.8528540331182057,0.0,0.0,0.0
62.0,-0.00284425263387583,-4.224468559631769,0.0,-1.711433349967344,-102.58767793361154,0.00965566982552312,-1.2999999999999998,-2.609276084517173,0.02825029294491399,-5.246802461979261,0.0,0.0,92.19999999999999,0.21155572587721158,0.08174574959117142,0.0,0.0,0.0,0.0,0.8026152532334198,0.0,0.0,0.0
63.0,-0.0015405368874857718,-4.226009096519255,0.0,-1.6751083401878017,-104.26278627379935,0.009962362287995623,1.35,-2.46755939548712,0.20775809904964815,-5.142876890023889,0.0,0.0,90.25,0.2182753577299841,0.07198345356559833,0.0,0.0,0.0,0.0,0.7540381942736631,0.0,0.0,0.0
64.0,-0.001532957748641788,-4.2275420542678965,0.0,-1.205099835201262,-105.46788610900062,0.010163546803220137,3.45,-2.322148299536213,0.39194548725413014,-5.036242086326556,0.0,0.0,65.19999999999999,0.22268331045855322,0.06355999518761296,0.0,0.0,0.0,0.0,0.70852029617046,0.0,0.0,0.0
65.0,-0.0010137524718293934,-4.228555806739726,0.0,-0.9862669342786367,-106.45415304327925,0.010699073995844577,0.85,-2.1730858851104156,0.5807578788601404,-4.9269296490809715,0.0,0.0,53.55,0.2344167112489547,0.05522340965442628,0.0,0.0,0.0,0.0,0.6652754496388419,0.0,0.0,0.0
66.0,-0.003487857264000508,-4.232043664003727,0.0,-1.275185093811186,-107.72933813709044,0.009053951596766665,-0.6000000000000001,-2.0204163226201484,0.7741393246811454,-4.814971969921443,0.0,0.0,68.95,0.19837207948515762,0.053280588737553564,0.0,0.0,0.0,0.0,0.6276126067396646,0.0,0.0,0.0
67.0,-0.004554206437674609,-4.236597870441401,0.0,-1.4260479841844627,-109.1553861212749,0.006442032412240833,-2.95,-1.8641848513516575,0.9720325216212338,-4.700402224324549,0.0,0.0,77.0,0.14114493015219665,0.053979605431697136,0.0,0.0,0.0,0.0,0.5935339674927071,0.0,0.0,0.0
68.0,-0.005762252805917381,-4.242360123247319,0.0,-1.2626294120140402,-110.41801553328894,0.002758252857828784,-5.1,-1.7044377660616323,1.1743788296552657,-4.583254361778531,0.0,0.0,68.30000000000001,0.06043332011502865,0.05729372665932539,0.0,0.0,0.0,0.0,0.5629684082568437,0.0,0.0,0.0
69.0,-0.0029671280802229176,-4.2453272513275415,0.0,-1.3337328717262498,-111.75174840501519,0.0013855526154630034,-7.25,-1.5412224032590665,1.3811182892051823,-4.463563095723315,0.0,0.0,72.1,0.030357457804794406,0.05443897778339514,0.0,0.0,0.0,0.0,0.5310707916104852,0.0,0.0,0.0
70.0,-0.0011199095495889187,-4.24644716087713,0.0,-1.8171577374392995,-113.5689061424545,0.001504922563123812,-3.95,-1.3745871271784367,1.5921896389073136,-4.341363893264187,0.0,0.0,97.85,0.032972853358042724,0.04815089048203187,0.0,0.0,0.0,0.0,0.4990430169801162,0.0,0.0,0.0
71.0,-0.0012509210904611979,-4.247698081967592,0.0,-1.661119470534477,-115.23002561298897,0.0014407259364812258,-6.8,-1.204581315448328,1.8075303337654511,-4.216692964662107,0.0,0.0,89.55,0.03156630526830366,0.0430155234978296,0.0,0.0,0.0,0.0,0.4691883801261208,0.0,0.0,0.0
72.0,-0.0015074173250254844,-4.249205499292617,0.0,-1.5738895943291096,-116.80391520731807,0.0010945730470013528,-6.8,-1.0312553444597832,2.0270765636842745,-4.089587252603841,0.0,0.0,84.9,0.02398209545979964,0.039153185047397406,0.0,0.0,0.0,0.0,0.44151127866455125,0.0,0.0,0.0
73.0,-8.911182743163593E-4,-4.250096617566934,0.0,-1.4664269651269615,-118.27034217244503,0.0012085774194058676,-2.55,-0.8546605744386859,2.2507632723776645,-3.9600844212550363,0.0,0.0,79.15,0.02647993125918256,0.03456001068461592,0.0,0.0,0.0,0.0,0.41486442521327754,0.0,0.0,0.0
74.0,-6.572722326510568E-4,-4.250753889799585,0.0,-1.4778994387415174,-119.74824161118654,0.0014603561439745464,-0.2,-0.6748493342266215,2.4785241766462796,-3.8282228450995226,0.0,0.0,79.75,0.03199640311448231,0.030126062767526964,0.0,0.0,0.0,0.0,0.38962764329587296,0.0,0.0,0.0
75.0,-5.56175563324188E-4,-4.251310065362909,0.0,-1.4008391550090178,-121.14908076619557,0.0017410557429220963,-1.55,-0.49187490577470605,2.7102917860187055,-3.6940415975681176,0.0,0.0,75.65,0.03814653132742313,0.026107213831285756,0.0,0.0,0.0,0.0,0.36586544904440427,0.0,0.0,0.0
76.0,-8.758054824826224E-4,-4.252185870845391,0.0,-1.3856844826982997,-122.53476524889386,0.0017003673029983375,-2.7,-0.30579150835500535,2.9459974227503265,-3.557580439460337,0.0,0.0,65.1,0.037255047608693574,0.02333761004989494,0.0,0.0,0.0,0.0,0.3439692619599495,0.0,0.0,0.0
77.0,-0.0012196317067174618,-4.253405502552109,0.0,-2.002753753261848,-124.5375190021557,0.0013249235244058991,-3.55,-0.11665428249418142,3.1855712421740368,-3.4188798071623996,0.0,0.0,93.65,0.02902907441973325,0.021713406667347782,0.0,0.0,0.0,0.0,0.3238454337275932,0.0,0.0,0.0
78.0,-0.001128385981728326,-4.254533888533837,0.0,-2.0038543673257156,-126.54137336948142,9.873863880797504E-4,-3.4,0.07548072636582503,3.4289422533967118,-3.2779808006650617,0.0,0.0,93.7,0.02163363576282733,0.02017266245108963,0.0,0.0,0.0,0.0,0.3048771061678377,0.0,0.0,0.0
79.0,-8.239756129777664E-4,-4.255357864146815,0.0,-1.8276130733800438,-128.36898644286146,8.693517184054115E-4,-3.95,0.270556584475278,3.676038340335352,-3.134925171384796,0.0,0.0,85.55,0.019047496150262567,0.018250115752263797,0.0,0.0,0.0,0.0,0.2867461777091096,0.0,0.0,0.0
80.0,-8.264919957387868E-4,-4.256184356142553,0.0,-1.7269553219532185,-130.09594176481468,7.127498384773264E-4,-5.2,0.46851548664733755,3.926786283086628,-2.9897553097919527,0.0,0.0,80.9,0.01561634896103822,0.016635911424341194,0.0,0.0,0.0,0.0,0.2697559389037411,0.0,0.0,0.0
81.0,-7.795495618754368E-4,-4.256963905704429,0.0,-1.867209703082285,-131.96315146789698,5.620753250291134E-4,-7.050000000000001,0.6692987733869877,4.181111779623517,-2.8425142328495423,0.0,0.0,87.4,0.012315070371387874,0.015184382886224939,0.0,0.0,0.0,0.0,0.2537769944160046,0.0,0.0,0.0
82.0,-5.082207761050082E-4,-4.2574721264805335,0.0,-1.6416188737986306,-133.6047703416956,6.083696025715875E-4,-4.85,0.8728469482731089,4.438939467812604,-2.6932455712663868,0.0,0.0,76.95,0.013329377992343482,0.013397831867873978,0.0,0.0,0.0,0.0,0.23848695535057185,0.0,0.0,0.0
83.0,-4.883957289950407E-4,-4.257960522209529,0.0,-1.7238859201368546,-135.32865626183246,6.400998707679674E-4,-3.7,1.0790996955885515,4.7001929477454985,-2.5419935565683955,0.0,0.0,80.75,0.014024588168526165,0.011844379229869945,0.0,0.0,0.0,0.0,0.2241342701390623,0.0,0.0,0.0
84.0,-3.366245308096238E-4,-4.258297146740338,0.0,-1.5543517652692125,-136.88300802710168,7.706053161416834E-4,-2.2,1.287995898192987,4.964794804377783,-2.3888030079918097,0.0,0.0,72.9,0.016883962476664283,0.010213730768970032,0.0,0.0,0.0,0.0,0.21050743206947445,0.0,0.0,0.0
85.0,-4.318187743619092E-4,-4.2587289655147,0.0,-1.9573980776435642,-138.84040610474526,7.930302129270153E-4,-3.25,1.4994736556332366,5.232666630468767,-2.2337193192022933,0.0,0.0,91.55,0.017375291965230907,0.009033899857534698,0.0,0.0,0.0,0.0,0.19784626585793402,0.0,0.0,0.0
86.0,-4.1518158188321564E-4,-4.259144147096583,0.0,-1.8160259717084983,-140.65643207645377,8.045052581912056E-4,-1.4,1.713470302485705,5.5037290498152265,-2.0767884448438165,0.0,0.0,85.0,0.017626710206969314,0.008011351093071425,0.0,0.0,0.0,0.0,0.18595977002638464,0.0,0.0,0.0
87.0,-3.9975683298129123E-4,-4.259543903929564,0.0,-1.9780949089315065,-142.63452698538526,8.057993108400171E-4,-2.0,1.929922426925506,5.7779017407723074,-1.9180568869212955,0.0,0.0,92.5,0.017655062900504774,0.007126852436606039,0.0,0.0,0.0,0.0,0.17480041107776836,0.0,0.0,0.0
88.0,-4.0858175567162714E-4,-4.259952485685235,0.0,-1.897434440082694,-144.53196142546795,7.781543903740204E-4,-2.1,2.1487658895167456,6.055103460054545,-1.7575716810210533,0.0,0.0,77.35,0.01704936269309479,0.0064123293776808706,0.0,0.0,0.0,0.0,0.1643502577089758,0.0,0.0,0.0
89.0,-3.1229313340088317E-4,-4.2602647788186365,0.0,-1.7097918052169216,-146.24175323068488,8.117493224284901E-4,-2.2,2.3699358422184336,6.335252066810016,-1.5953803823731487,0.0,0.0,69.8,0.017785427654408218,0.005622598877176604,0.0,0.0,0.0,0.0,0.15444321991791396,0.0,0.0,0.0
90.0,-2.606077689152445E-4,-4.260525386587552,0.0,-2.0304873683554097,-148.2722405990403,8.697293194972083E-4,-1.4,2.593366747600342,6.618264546960433,-1.431531051759749,0.0,0.0,82.69999999999999,0.019055769390183833,0.0048584952075329075,0.0,0.0,0.0,0.0,0.14509719883566408,0.0,0.0,0.0
91.0,-2.0747427757584862E-4,-4.260732860865128,0.0,-1.4837519069701366,-149.75599250601041,9.543364350928298E-4,-1.1,2.8189923982631733,6.904057037800019,-1.2660722412736725,0.0,0.0,60.7,0.0209095112928839,0.004111568460108611,0.0,0.0,0.0,0.0,0.13627546202847204,0.0,0.0,0.0
92.0,-2.0258955770280026E-4,-4.2609354504228305,0.0,-1.6577261674188963,-151.41371867342932,0.0010259012997171578,-1.1,3.0467459364572367,7.192544852845833,-1.0990529799313595,0.0,0.0,67.69999999999999,0.02247749747680293,0.003479559500023796,0.0,0.0,0.0,0.0,0.12800089625432398,0.0,0.0,0.0
93.0,-2.730834920109448E-4,-4.261208533914841,0.0,-1.773300705336438,-153.18701937876574,0.0010222629187541276,-1.05,3.2765598738938406,7.483642506932198,-0.9305227591445169,0.0,0.0,72.35,0.022397780549902935,0.0031059458134771395,0.0,0.0,0.0,0.0,0.12032582676549507,0.0,0.0,0.0
94.0,-2.1195777413034623E-4,-4.2614204916889715,0.0,-2.0044261496399427,-155.1914455284057,0.0010559951036268075,-0.35,3.5083661117435323,7.777263741541807,-0.7605315180547425,0.0,0.0,81.65,0.023136852720463355,0.002679572792142865,0.0,0.0,0.0,0.0,0.11306006680582803,0.0,0.0,0.0
95.0,-1.7120368818529223E-4,-4.261591695377157,0.0,-2.2232754521625053,-157.4147209805682,0.001110479781542487,0.6000000000000001,3.7420959608152478,8.07332155036598,-0.5891296287354848,0.0,0.0,90.44999999999999,0.024330612013595886,0.002247980548030317,0.0,0.0,0.0,0.0,0.1062018232136728,0.0,0.0,0.0
96.0,-2.9872712367496143E-4,-4.261890422500832,0.0,-2.2376927395371715,-159.6524137201054,0.0010447690905432086,-2.7,3.9776801619104045,8.371728205086512,-0.41636788126570323,0.0,0.0,91.05000000000001,0.0228908907738017,0.002165736256110503,0.0,0.0,0.0,0.0,0.0999197321308689,0.0,0.0,0.0
97.0,-3.3654749182303626E-4,-4.262226969992655,0.0,-2.0824974720283373,-161.73491119213372,9.364023817137766E-4,-1.9,4.215048906345893,8.672395281371465,-0.24229746867967883,0.0,0.0,84.80000000000001,0.020516576183348845,0.0021996701832354385,0.0,0.0,0.0,0.0,0.09407300179317882,0.0,0.0,0.0
98.0,-2.0720316957058299E-4,-4.262434173162226,0.0,-1.7272993296946388,-163.46221052182835,9.271520664925466E-4,-0.45,4.454131856639903,8.97523368507721,-0.0669699717974046,0.0,0.0,70.5,0.020313901776851696,0.001980938794169526,0.0,0.0,0.0,0.0,0.08844129386618263,0.0,0.0,0.0
99.0,-2.1891950011341502E-4,-4.262653092662339,0.0,-2.7754617911108563,-166.2376723129392,8.978876845424488E-4,0.3,4.694858167354426,9.28015367864894,0.10956265605991256,0.0,0.0,98.3,0.019672719168325054,0.0018365335422134356,0.0,0.0,0.0,0.0,0.08317490606079489,0.0,0.0,0.0
100.0,-9.961946137223155E-5,-4.262752712123712,0.0,-2.685919907262245,-168.92359222020144,9.59713195008498E-4,2.0,4.9371565060883,9.587064907711847,0.28724810446475324,0.0,0.0,95.15,0.021027316102636192,0.0014792389841694806,0.0,0.0,0.0,0.0,0.07809971576892875,0.0,0.0,0.0
101.0,-6.263998644929059E-5,-4.262815352110161,0.0,-2.683246625965429,-171.60683884616688,0.0010430147956762476,3.0,5.180955074614533,9.895876427845074,0.46603372138399113,0.0,0.0,95.05000000000001,0.022852454173266586,0.0011073092452602762,0.0,0.0,0.0,0.0,0.07329961639516544,0.0,0.0,0.0
102.0,5.875519670289328E-5,-4.262756596913459,0.0,-2.543684038912841,-174.1505228850797,0.0012192522475355288,4.4,5.426181630155665,10.20649673153051,0.6458665287808207,0.0,0.0,90.15,0.026713816743503437,5.42881735554246E-4,0.0,0.0,0.0,0.0,0.06866020841542238,0.0,0.0,0.0
103.0,1.5507460449439502E-4,-4.262601522308964,0.0,-2.660384931453236,-176.81090781653293,0.001437878924975439,11.3,5.672763506790865,10.51883377526843,0.8266932383133012,6.366666666666667,152.8,94.2,0.032141946817669485,0.0,0.0,0.0,0.0,0.0,0.06420120305977002,0.0,0.0,0.0
104.0,4.313965760970029E-4,-4.262170125732867,0.0,-2.6409928477543505,-179.45190066428728,0.001836715920573941,6.15,5.920627636988417,10.832795006851995,1.008460267124839,17.43958333333333,418.54999999999995,93.55,0.04246399320150249,0.0,0.0,0.0,0.0,0.0,0.059703746793695014,0.0,0.0,0.0
105.0,4.06648802982735E-4,-4.261763476929884,0.0,-2.566824142247637,-182.01872480653492,0.002223320749106791,6.3,6.169700573257195,11.148287392792447,1.1911137537219432,22.429166666666664,538.3,90.94999999999999,0.052163863451719916,0.0,0.0,0.0,0.0,0.0,0.05551503935376292,0.0,0.0,0.0
106.0,5.043471496390538E-4,-4.261259129780245,0.0,-2.5478654401392613,-184.56659024667417,0.0026441332110718288,12.850000000000001,6.419908509910748,11.465217445886948,1.3745995739345478,30.59375,734.25,90.25,0.06351070847347615,0.0,0.0,0.0,0.0,0.0,0.051474677560638185,0.0,0.0,0.0
107.0,4.6708392220979895E-4,-4.260792045858035,0.0,-2.3328205266912443,-186.89941077336542,0.00302790081952967,6.25,6.671177304937517,11.783491252920856,1.5588633569541788,36.889583333333334,885.35,82.75,0.07402146343348368,0.0,0.0,0.0,0.0,0.0,0.0477290138549305,0.0,0.0,0.0
108.0,3.907688537680759E-4,-4.260401277004267,0.0,-2.3765727777015546,-189.275983551067,0.0033946394389876306,3.15,6.923432501970712,12.103014502496237,1.7438505014451886,36.889583333333334,885.35,84.30000000000001,0.08298692529232701,0.0,0.0,0.0,0.0,0.0,0.04430470914311185,0.0,0.0,0.0
109.0,3.970665655809698E-4,-4.260004210438686,0.0,-2.8356088520586096,-192.1115924031256,0.0037477302072857774,0.8,7.176599352351337,12.42369251297836,1.9295061917243137,38.166666666666664,916.0,87.75,0.09194222923579094,0.0,0.0,0.0,0.0,0.0,0.04108649783582345,0.0,0.0,0.0
110.0,3.502039706397345E-4,-4.259654006468047,0.0,-1.842618572648211,-193.9542109757738,0.004031381517620388,6.3,7.430602837277837,12.745430260551927,2.115775414003747,41.89583333333333,1005.4999999999999,57.35,0.09991476088258962,0.0,0.0,0.0,0.0,0.0,0.038122826866999554,0.0,0.0,0.0
111.0,8.804810267548024E-4,-4.258773525441292,0.0,-2.71415987615134,-196.66837085192515,0.004692980466704099,6.85,7.685367690035783,13.068132407378659,2.302602972692907,45.83958333333333,1100.1499999999999,84.0,0.11755569537224177,0.0,0.0,0.0,0.0,0.0,0.03473246101794644,0.0,0.0,0.0
112.0,8.973697329617302E-4,-4.25787615570833,0.0,-2.9508156599267066,-199.61918651185186,0.005371651507093255,4.7,7.940818418301028,13.391703329847969,2.4899335067540864,48.137499999999996,1155.3,91.25,0.13538300923206273,0.0,0.0,0.0,0.0,0.0,0.03153386378344,0.0,0.0,0.0
113.0,8.99582520558781E-4,-4.256976573187772,0.0,-3.032514491638559,-202.65170100349042,0.00602935640163294,4.5,8.196879326509709,13.716047146912299,2.67771150610712,51.05,1225.1999999999998,93.75,0.1531331674642507,0.0,0.0,0.0,0.0,0.0,0.02853200652466124,0.0,0.0,0.0
114.0,7.665657899559794E-4,-4.256210007397816,0.0,-3.1755613366326485,-205.82726234012307,0.006604322969961703,8.4,8.453474538288477,14.041067748498737,2.865881328078216,52.375,1257.0,98.1,0.16831994932667177,0.0,0.0,0.0,0.0,0.0,0.025870535345114222,0.0,0.0,0.0
115.0,8.919330020216074E-4,-4.255318074395794,0.0,-2.785605928529751,-208.61286826865282,0.007287052104902492,4.2,8.710528018938303,14.366668823988517,3.0543872138880896,52.375,1257.0,86.19999999999999,0.18572020881121698,0.0,0.0,0.0,0.0,0.0,0.02323035514852105,0.0,0.0,0.0
116.0,0.0010038471147615754,-4.254314227281033,0.0,-3.0469555857213515,-211.65982385437417,0.008046928606291526,3.2,8.967963597965202,14.692753890755922,3.2431733051744818,52.375,1257.0,94.2,0.2050866714736377,0.0,0.0,0.0,0.0,0.0,0.020625649265789563,0.0,0.0,0.0
117.0,9.538460251705056E-4,-4.253360381255862,0.0,-2.4472303671680358,-214.1070542215422,0.008766861424876525,4.3,9.225704991651194,15.019226322758179,3.432183660544209,52.375,1257.0,75.85,0.2234351162868292,0.0,0.0,0.0,0.0,0.0,0.018240877117845937,0.0,0.0,0.0
118.0,0.0010595048127818455,-4.252300876443081,0.0,-2.9328527394282156,-217.03990696097043,0.009559785573630903,4.800000000000001,9.483675825658814,15.34598937916783,3.6213622721497973,52.375,1257.0,90.7,0.24364384216914395,0.0,0.0,0.0,0.0,0.0,0.015882877561529316,0.0,0.0,0.0
119.0,0.0014107396520704682,-4.250890136791011,0.0,-3.348156292662023,-220.38806325363245,0.010603409105610022,2.15,9.74179965766248,15.672946233039141,3.8106530822858184,52.375,1257.0,90.80000000000001,0.2702419750614647,0.0,0.0,0.0,0.0,0.0,0.013266861461383738,0.0,0.0,0.0
120.0,0.001213102316174248,-4.2496770344748365,0.0,-2.9286180165128997,-223.31668127014535,0.011434329946733886,1.75,10.0,16.0,4.0,54.58125,1309.9499999999998,79.55000000000001,0.2930994312218276,0.0,0.0,0.0,0.0,0.0,0.011041691463078394,0.0,0.0,0.0
